Brand,Brand1,Brand2
Realme,C53,6gb
Vivo,Y03,-
Oppo,A78,-
XIAOMI,REDMI,NOTE
XIAOMI,Note,13
Oppo,A58,-
XIAOMI,Redmi,12
Iku,A7,Plus
XIAOMI,Redmi,13C
Godox,Torche,LED
Oppo,A58,-
Realme,C53,6gb
XIAOMI,Redmi,Note
Infinix,HOT40i,-
XIAOMI,Redmi,13C
Kxd,A06,-
Schneider,Wave,3
Oppo,A38,-
Itel,A70,-
Itel,Smartphone,A70
Samsung,Galaxy,A14
Tecno,SPARK,GO
XIAOMI,Redmi,13C
Itel,A70,-
Oppo,Reno,8T
Infinix,Smart,8
Itel,A70,-
XIAOMI,Redmi,13C
XIAOMI,Redmi,13C
Realme,C55,-
Infinix,HOT,30
XIAOMI,Redmi,A2+
Itel,A70,-
XIAOMI,NOTE,13
Huawei,Nova,Y91
XIAOMI,Redmi,10
Samsung,Galaxy,A05
XIAOMI,Redmi,Note
Samsung,Galaxy,A14
Infinix,Hot,40I
Infinix,HOT,40
Oppo,Reno,8T
Oppo,A78,-
Smart,E2,-
Oppo,A38,-
Huawei,Nova,11i
Honor,90,LITE
Samsung,A,05
smartec,Smartphone,Vision
Infinix,Hot,40
Itel,P40,-
Honor,X6A,-
Samsung,A24,-
Samsung,A55,-
Honor,90,-
Samsung,Galaxy,A05s
Infinix,Pack,Hot
XIAOMI,Redmi,13C
smartec,Smartphone,Vision
XIAOMI,Redmi,Note
Infinix,SMART,PHONE
XIAOMI,Pack,Redmi
Samsung,Galaxy,A05
Huawei,NOVA,Y61
Infinix,Hot,40i
Samsung,Galaxy,A04
XIAOMI,Redmi,12
Samsung,Galaxy,A04e
XIAOMI,Redmi,Note
Oppo,A38,-
Itel,Smartphone,A70
Samsung,A,05
Infinix,Smart,8
smartec,S28,-
XIAOMI,Redmi,Note
Iku,A12,-
XIAOMI,REDMI,NOTE
Samsung,A24,-
XIAOMI,Redmi,12
Samsung,Galaxy,A05
Genuine,Support,parfumé
Generic,Diamond,Crystal
JAGU,Puzzle-Trafic,Routier-
Brassard,Sport,Pour
Brassard,Sport,Pour
Protecteur,d'écran,Fumé
Generic,Support,magnétique
Santa,Barbara,Polo
Coque,Magnétique,pour
Generic,Diamond,Crystal
Phone,Accessories,Support
Generic,Diamond,Crystal
Micro,Cravate,Sans
Boîte,de,50
Inter,Tech,Support
Gerlax,Support,de
YooKie,Support,Multi-Angle
Kaspersky,KSOS,Small
Hoco,Chargeur,sans
Inkax,Chargeur,Pour
LDFEN,Chargeur,FAST
Pangpai,Casque,Micro
Genuine,Pochette,Waterproof
LDFEN,Chargeur,FAST
Manette,Gaming,pour
Versus,Etui,universel
JAGU,Puzzle-,Les
Ranvoo,Support,de
Support,de,voiture
Vidvie,Chargeur,Magnétique
Câble,Type,Micro
Chargeur,Sans,Fil
Câble,Type,C
Hoco,Support,Magnétique
YooKie,Support,de
LDFEN,Pack,2
YooKie,Support,de
Pack,Smartphone,5en1
Generic,Diamond,Crystal
PACK,2,Support
iPlus,Smartphone,P1-
Samsung,Galaxy,A15
Oppo,SMART,PHONE
XIAOMI,Redmi,A3
Infinix,Hot,40
Samsung,Galaxy,A14
Infinix,Hot,40
Samsung,SMARTPHONE,A15
XIAOMI,Redmi,13C
XIAOMI,NOTE,13
Oppo,A18,-
XIAOMI,Redmi,Note
Samsung,Galaxy,A25
XIAOMI,REDMI,NOTE
XIAOMI,Note,13
XIAOMI,Redmi,13C
Realme,C55,-
Samsung,Galaxy,A25
Samsung,A14,-
XIAOMI,Redmi,A3
Oppo,A18,-
Oppo,A18,-
Oppo,A38,-
Oppo,A78,-
smartec,S28,-
Realme,SMART,PHONE
Vivo,Y17s,"6.56"""
XIAOMI,Redmi,13C
XIAOMI,NOTE,13
Oppo,A38,-
XIAOMI,Redmi,Note
Infinix,Hot,40I
smartec,Smart,phone
Samsung,Galaxy,A15
XIAOMI,Redmi,10C
Infinix,HOT,30
Samsung,Galaxy,A15
Infinix,Hot,40I
Infinix,Hot,40I
XIAOMI,Redmi,A3
Havit,Support,smartphone
Havit,Casque,Micro
Generic,Support,smartphone
F5,Plus,3
Support,parfumé,puissant
Holder,Support,smartphone
Support,magnétique,puissant
Hoco,Chargeur,sans
Havit,Casque,pour
Brassard,Sport,Pour
Ring,LED,Light
Support,de,Smartphone
Havit,Support,voiture
Havit,Casque,micro
Support,smartphone,vélo
Ecran,Agrandisseur,pour
XO,Support,bureau
Pochette,Etanche,pour
Havit,Support,de
Chargeur,rapide,pour
Generic,Diamond,Crystal
Support,Smartphone,pour
Ring,LED,Light
Support,de,rétroviseur
Chargeur,rapide,pour
Support,smartphone,-
Support,Téléphone,Autour
Generic,Diamond,Crystal
JAGU,Puzzle-,Les
Pack,de,2
Havit,Casque,-
Batterie,pour,smartphone
Generic,Étui,de
Havit,Support,de
Ecran,Agrandisseur,pour
Generic,Microphone,pour
JAGU,Puzzle,-Princesse-Animé
Havit,Support,de
Generic,Diamond,Crystal
Kakusiga,Support,de
Casque,Réalité,Virtuelle
Apai,genie,Robot
Etui,Waterproof,adaptable
Generic,Mini,Trépied
Casque,Réalité,Virtuelle
Support,de,voiture
Support,Télescopique,de
Baffle,et,chargeur
Support,pliable,de
Support,Voiture,Pour
PACK,5,Support
CAMBOFOTO,Trépied,smartphone
Nest,Pack,Trépied
Generic,Casque,Micro
Support,Universel,pour
Support,De,Voiture
Support,de,voiture
Inkax,Chargeur,Type
Kakusiga,Support,de
Manette,de,jeu
Hoco,Support,De
Support,smartphone,-
Support,magnétique,en
Pack,de,4
Microphone,sans,fil
Generic,Manette,de
Magnetic,Phone,Mount
CAMBOFOTO,Adaptateur,smartphone
Support,2,en
Trépied,smartphone,et
Bouton,Game,Manette
Borofone,Support,Smartphone
Hoco,Support,de
Generic,Agrandisseur,d’Ecran
Support,Pour,Smartphone-Bleu
Manette,de,jeu
Promate,Support,de
Support,de,voiture
Borofone,Support,de
Ugreen,Support,de
Lunette,3D,-
Hoco,Support,Magnétique
Support,magnétique,puissant
Support,smartphone,avec
Pack,de,2
K8,Microphone,sans
Microphone,sans,fil
XIAOMI,Redmi,Note
Hoco,Support,De
XIAOMI,Redmi,Note
Generic,Casque,Micro
smartec,S28,-
Havit,Casque,Micro
XIAOMI,Redmi,Note
Hoco,PH29A,Support
XIAOMI,Redmi,A3
Chargeur,super,Fast
Iku,A10s,-
Genuine,Pochette,Waterproof
Samsung,GALAXY,A34
Inkax,Chargeur,Type
Iku,A23,-
Support,de,voiture
Iku,X5,-
Hoco,Support,de
XIAOMI,Redmi,13C
Inkax,T03,Écouteurs
XIAOMI,Redmi,12
Havit,Micro,Cravate
XIAOMI,Redmi,Note
Generic,Support,de
XIAOMI,Redmi,Note
Generic,Diamond,Crystal
XIAOMI,Redmi,Note
Étui,de,téléphone
Infinix,HOT,40i
Ring,LED,Light
Tecno,Spark,20
Generic,Agrandisseur,d’Ecran
Tecno,Spark,10C
Generic,Microphone,sans
XIAOMI,Redmi,9T
Stabilisateur,Uniaxial,Bluetooth
XIAOMI,Redmi,13C
YooKie,Support,de
XIAOMI,Type,C
OTG,Redmi,Note
Generic,Station,SPARK
Tecno,SMARTPHONE,de
Tecno,SMARTPHONE,SPARK
Genuine,Support,Parfumé
Oppo,A38,4GO-128GO
Generic,Diamond,Crystal
Vivo,Y17s,Baffle
No,Marks,"6.56"""
Ranvoo,Support,parfumé
Samsung,GALAXY,A05
support,universel,smartphone
Infinix,HOT,40
Support,Telephone,Magnétique
Infinix,SMART,8
Vidvie,Simple,Adjustable
Infinix,SMART,8
pochette,Étanche,pour
Mini,boule,disco
Support,magnétique,puissant
Samsung,Galaxy,A04e
Hoco,Support,de
Redmi,Note,13
Support,De,Voiture
Apple,iPhone,14
Aukey,HD-C49,Phone
XIAOMI,Redmi,Note
Samsung,GALAXY,A34
XIAOMI,Redmi,12
Infinix,HOT,30
Iku,A7,Plus
XIAOMI,Redmi,A2+
XIAOMI,Redmi,Note
Samsung,GALAXY,A54
Stabilisateur,de,cardan
Stabilisateur,de,cardan
Support,de,voiture
Adaptateur,Micro,USB
Brassard,Sport,Pour
Support,Smartphone,de
Support,de,ventilation
JAGU,Puzzle,-Les
Apple,iPhone,14
Apple,iPhone,14
Samsung,Smartphone,Galaxy
Apple,iPhone,13
Apple,iPhone,13
Apple,iPhone,13
Huawei,Nova,Y90
Apple,iPhone,14
XIAOMI,Poco,F3
Tecno,SPARK,GO
XIAOMI,Redmi,12C
Oppo,Smartphone,A77
XIAOMI,Redmi,10C
Tecno,SPARK,8P
Vivo,y36,-
XIAOMI,Redmi,Note
XIAOMI,Smartphone,Redmi
Itel,A58,LITE
XIAOMI,Redmi,10
XIAOMI,Redmi,Note
XIAOMI,Smartphone,Redmi
XIAOMI,Redmi,Note
XIAOMI,Redmi,Note
XIAOMI,Redmi,12C
XIAOMI,Redmi,10
XIAOMI,Redmi,10
XIAOMI,Redmi,10
Itel,A58,LITE
XIAOMI,Redmi,10
XIAOMI,Redmi,Note
XIAOMI,Redmi,12C
XIAOMI,Smartphone,Redmi
Coque,Magnétique,pour
Creative,Case,Coque
Film,Hydrogel,pour
Chargeur,rapide,pour
Santa,Barbara,Polo
Kaspersky,KSOS,Small
Apai,genie,Support
Generic,Diamond,Crystal
Havit,Support,smartphone
Generic,Diamond,Crystal
Generic,Diamond,Crystal
LDFEN,Chargeur,FAST
Generic,Support,Voiture
Kaspersky,KSOS,Small
Generic,Support,smartphone
Phone,Accessories,Support
Generic,Diamond,Crystal
Havit,Support,Bureau
Neo,Anti,casse
Kaspersky,KSOS,Small
Santa,Barbara,Polo
Havit,Smartphone,Support
Hoco,Support,Magnétique
Coque,pour,Phone
WiWU,Restez,Original
Coque,pour,Phone
JAGU,Puzzle,-Encastrable
Havit,Support,de
Neo,Anti,casse
Havit,Support,pour
Gerlax,Support,de
KSC-255,Support,Smartphone
Câble,Phone,D17
Support,magnétique,de
Creative,Case,Coque
Creative,Case,Coque
Creative,Case,Coque
Creative,Case,Coque
Creative,Case,Coque
Creative,Case,Coque
Samsung,Galaxy,A15
Oppo,A18,-
Samsung,A24,-
XIAOMI,Redmi,Note
Oppo,A,58
XIAOMI,Redmi,Note
WiWU,Clavier-Fold-Mini-Keyboard,A3+
XIAOMI,Redmi,A2+
XIAOMI,Redmi,A3+
XIAOMI,Redmi,30
Vivo,V,30
Vivo,V,20
Techno,Spark,Blade
ZTE,Smartphone,Blade
ZTE,Smartphone,Support
Phone,Accessories,Support
Phone,Accessories,Écouteurs
Inkax,T03,Écouteurs
Inkax,T03,jeux
Protège-doigts,pour,pour
Support,magnétique,Phone
Support,Cell,flexible
Support,universel,C
OTG,Type,SC-G15
VR,BOX,:
Gamepâd,SP+,C
OTG,Type,C
OTG,Type,Bluetooth
M6,Casque,C
OTG,Type,SC-G12
VR,BOX,Micro
Generic,Casque,Manette
Bouton,Game,jeu
Manette,de,et
Trépied,Pliable,rétroviseur
Support,de,smartphone
Manette,Pour,Multi-Angle
Ugreen,Support,pour
Support,Moto,magnétique
Kakusiga,Support,pour
Ecran,Agrandisseur,Micro
Generic,Casque,Et
Support,Bicyclette,sans
K8,Microphone,Gamer
Generic,Casque,Manette
Pack,2,Manette
3,x,Coque
Creative,Case,Coque
Creative,Case,Coque
Creative,Case,Coque
Creative,Case,Coque
Creative,Case,Coque
Creative,Case,Coque
Creative,Case,Coque
Creative,Case,Coque
Creative,Case,Coque
Creative,Case,Coque
Creative,Case,pour
Manette,Gaming,puissant
Support,magnétique,smartphone
Kakusiga,Support,Phone
Coque,pour,Phone
Coque,pour,Phone
Coque,pour,Phone
Coque,pour,Polo
Santa,Barbara,flexible
CAMBOFOTO,Support,13C
Support,universel,flexible
XIAOMI,Redmi,8/128Go
Support,universel,Et
Oppo,A58,A15
Support,Bicyclette,Sans
Samsung,Galaxy,05
2,Micro,Sans
Samsung,A,A70
2,Micro,chargeur
Itel,Smartphone,13
Baffle,et,Chargeur
XIAOMI,NOTE,40I
Baffle,et,Bluetooth
Infinix,Hot,NOTE
Inkax,Ecouteur,2nd
XIAOMI,REDMI,NOTE
Nokia,C1,Smartphone
XIAOMI,REDMI,smartphone
support,universel,VOITURE
XO,SUPPORT,flexible
Support,universel,Cravate
K9,Micro,ventilation
Support,de,smartphone
Foneng,Support,flexible
Support,universel,2
Pack,de,Support
Pack,5,-
Lunette,3D,flexible
Support,universel,Crystal
Generic,Diamond,Smartphones-Noir
Support,pour,Support
Hoco,PH29A,flexible
Support,universel,de
Genuine,Manette,flexible
Support,universel,Magnétique
Kakusiga,Support,Pour
Support,Voiture,Support
Inter,Tech,rétroviseur
Support,de,de
Promate,Support,Pour
Brassard,Sport,rétroviseur
Support,de,NOTE
XIAOMI,REDMI,de
Promate,Support,13C
XIAOMI,Redmi,puissant
Support,magnétique,05
Samsung,A,à
Support,magnétique,-
Redmi,A3,d'écran
Generic,Agrandisseur,40i
Infinix,Hot,de
Support,Magnétique,A05
Samsung,GALAXY,Micro
K9,2,13C
XIAOMI,REDMI,cardan
Stabilisateur,de,58
Oppo,A,Universel
Porte,cartes,13C
XIAOMI,Redmi,Smartphone-Rose
Support,Pour,17S
Vivo,Y,Adjustable
Ugreen,Support,-
smartec,S24,de
Generic,Station,40i
Infinix,Hot,voiture
Support,smartphone,13C
XIAOMI,Redmi,Et
Support,Bicyclette,Note
XIAOMI,Redmi,Waterproof
Genuine,Pochette,13C
XIAOMI,Redmi,adaptable
Etui,Waterproof,40i
Infinix,Hot,parfumé
Ranvoo,Support,-
Samsung,A35,Bouton
Pack,2,PHONE
Infinix,SMART,tripod
CAMBOFOTO,Mini,A15
Samsung,Galaxy,USB
Adaptateur,Micro,-
Iku,A10s,rétroviseur
Support,de,40i
Infinix,Hot,Bureau
Support,de,-
Vivo,Y03,Universel
Porte,cartes,13C
XIAOMI,Redmi,Et
Support,Bicyclette,13C
XIAOMI,Redmi,ring
Genuine,Selfie,13C
XIAOMI,REDMI,-
Hoco,PH34,Note
XIAOMI,Redmi,Micro
Havit,Casque,13C
XIAOMI,Redmi,pour
Usams,Support,13C
XIAOMI,Redmi,-
Oppo,A17k,11F
Oppo,Reno,11F
Oppohere,Reno,-
Samsung,A55,-
Kxd,D70,Hot
Infinix,Pack,-
Oppo,A94,12
XIAOMI,Redmi,13C
XIAOMI,Redmi,S23
Itel,Smartphone,30
Infinix,HOT,C55
Realme,Pack,-
Vivo,Y03,A3
XIAOMI,Redmi,-
XIAOMI,Redmi,13C
Redmi,A3,A05s
Samsung,Galaxy,-
Infinix,A06,8
Vivo,Smart,PHONE
Kxd,SMART,-
Infinix,HOT40i,A3
XIAOMI,Redmi,12C
Samsung,SMART,PHONE
Itel,Redmi,Note
XIAOMI,Redmi,-
XIAOMI,Solar,Note
Logicom,Galaxy,Note
XIAOMI,Redmi,pour
XIAOMI,Redmi,30
XIAOMI,universel,"6.56"""
Support,HOT,-
Infinix,Y17s,A34
Vivo,Redmi,12C
XIAOMI,A23,A25
Iku,magnétique,13C
Support,GALAXY,Note
Samsung,Redmi,40
XIAOMI,Redmi,-
Infinix,HOT,puissant
Infinix,A12,-
Iku,A3,Note
Redmi,Redmi,Y61
XIAOMI,SMART,PHONE
Huawei,NOVA,A15
Oppo,SMART,PHONE
Samsung,Galaxy,40i
Realme,SMART,A05
Infinix,Hot,LITE
Samsung,Galaxy,-
Honor,90,40i
Infinix,HOT40i,40i
Infinix,HOT,11F
Infinix,HOT,A05
Oppo,Reno,30
Samsung,Galaxy,40
Infinix,HOT,13
Infinix,Hot,-
XIAOMI,NOTE,Note
Honor,90,A70
Samsung,A55,sans
Itel,Smartphone,-
XIAOMI,Redmi,-
Infinix,Microphone,13C
K8,A23,NOTE
Iku,HOT40i,Support
XIAOMI,Redmi,A15
XIAOMI,REDMI,-
Pro,Biker,S23
Samsung,Galaxy,Vision
Oppo,A17k,pour
Itel,Smartphone,A3
smartec,Smartphone,-
Ecran,Agrandisseur,38
XIAOMI,Redmi,REDMI
Oppo,A58,à
Oppo,A,PHONE
XIAOMI,SMARTPHONE,05
Generic,Trépied,Neon
Samsung,SMART,A05
Samsung,A,chargeur
smartec,Smartphone,Vision
Samsung,Galaxy,Vision
Baffle,et,GALAXY
smartec,Smartphone,A14
smartec,Smartphone,Magnétique
Samsung,SMARTPHONE,Note
Samsung,Galaxy,12
Hoco,Support,13C
XIAOMI,Redmi,Vision
XIAOMI,Redmi,Gravity
XIAOMI,Redmi,13
smartec,Smartphone,-
Vidvie,Trending,-
XIAOMI,Note,Note
Infinix,HOT40i,Moto
Vivo,Y03,A70
XIAOMI,Redmi,Note
Support,de,Note
Itel,Smartphone,-
XIAOMI,Redmi,Support
XIAOMI,Redmi,-
Kxd,A06,PHONE
Flourish,Lama,13C
Oppo,A58,A70
Tecno,SMART,smartphone
XIAOMI,REDMI,Neon
Itel,Smartphone,38
Foneng,Support,-
smartec,Smartphone,-
Oppo,A,sans
Vivo,Y21,-
Infinix,HOT40i,A15
Generic,Microphone,-
Realme,C30s,PHONE
Samsung,Galaxy,Robot
Oppo,A78,A05
Oppo,SMART,A70
Apai,genie,Portable
Samsung,Galaxy,REDMI
Itel,Smartphone,rétroviseur
Lampe,LED,A15
XIAOMI,SMARTPHONE,-
Support,de,PHONE
Samsung,Galaxy,-
Samsung,A35,Micro
Vivo,SMART,d'objectif
Vivo,y36,PHONE
Pangpai,Casque,13C
Generic,Protecteur,10
Infinix,SMART,jouet
XIAOMI,Redmi,12
XIAOMI,Redmi,-
winfun,Smartphone,PHONE
XIAOMI,Redmi,A25
Benco,V80,vidéo
Tecno,SMART,A05
Samsung,Galaxy,17S
Jmary,Stabilisateur,13C
Samsung,GALAXY,-
Vivo,Y,puissant
XIAOMI,Redmi,Neon
Samsung,A24,-
Support,magnétique,Portable
smartec,Smartphone,-
Oppo,A58,Bicycle
Lampe,LED,Lite
Honor,X6A,S23
Generic,Miracle,PHONE
Honor,90,Note
Itel,Smartphone,parfumé
Itel,SMART,Dimensity
XIAOMI,Redmi,12
Ranvoo,Support,05
Vivo,V27,8/128Go
XIAOMI,Note,voiture
Samsung,A,A2+
Oppo,A58,A25
Support,de,PHONE
XIAOMI,Redmi,Note
Samsung,Galaxy,de
Oppo,SMART,8T
XIAOMI,Redmi,-
Support,360°,Portable
Oppo,Reno,13C
Samsung,A14,magnétique
Lampe,LED,Note
XIAOMI,Redmi,-
Genuine,Support,Lite
XIAOMI,Redmi,8
Realme,C30s,A05s
Samsung,Galaxy,8T
Oppo,Reno,vers
Vivo,USB-C,-
XIAOMI,A18,PHONE
Adaptateur,SMART,A70
Oppo,Smartphone,A70
Infinix,Smartphone,Y03
Itel,SMARTPHONE,Note
Itel,Redmi,:
Miracle,Bicycle,-
Oppo,A18,05
Samsung,A,30
Infinix,HOT,13C
XIAOMI,Redmi,Vision
smartec,Smartphone,30
Infinix,HOT,12C
XIAOMI,Redmi,à
Support,magnétique,13C
XIAOMI,Redmi,9T
XIAOMI,Redmi,Bois
Generic,Armoires,-
Samsung,A35,8
Infinix,Smart,A2+
XIAOMI,Redmi,Note
XIAOMI,Redmi,vélo/Moto
Support,de,-
Samsung,A24,-
Iku,A12,8
Infinix,SMART,13C
XIAOMI,Redmi,-
Oppo,A38,12
XIAOMI,Redmi,12C
XIAOMI,Redmi,Bluetooth
Inkax,Ecouteur,PHONE
Infinix,SMART,30
Infinix,HOT,8
Infinix,SMART,13C
XIAOMI,Redmi,sans-fil
Logicom,Téléphone,A54
Samsung,GALAXY,Note
XIAOMI,Redmi,8
Batterie,pour,smartphone
XIAOMI,SMART,12C
XIAOMI,Note,13
Infinix,Redmi,13C
Oppo,Redmi,-
Infinix,A78,40
XIAOMI,HOT,-
Samsung,A35,13C
XIAOMI,Redmi,voiture
Support,smartphone,Note
XIAOMI,Redmi,Neon
smartec,Smartphone,40
Infinix,HOT,A05
Oppo,A18,-
Samsung,GALAXY,"6,5"""
XIAOMI,Redmi,13C
Samsung,Galaxy,-
Hoco,PH34,Note
XIAOMI,Redmi,-
Samsung,A14,"6.56"""
Vivo,Y17s,13C
XIAOMI,Redmi,8T
Oppo,Reno,8
Infinix,Smart,A70
Itel,Smartphone,d'appui-tête
Hoco,Support,puissant
Support,magnétique,NOTE
XIAOMI,REDMI,-
Infinix,HOT40i,40i
Infinix,HOT,13C
XIAOMI,Redmi,S23
Infinix,HOT,40
Itel,Smartphone,SMART
support,A58,smartphone
Itel,SMARTPHONE,Pro
Infinix,universel,-
Samsung,Galaxy,Go
Samsung,A04e,jeu
Tecno,Spark,A3
Manette,de,A15
XIAOMI,Redmi,Note
XIAOMI,Redmi,Sans
Oppo,Magnétique,11F
Chargeur,Reno,8GO-128GO
XIAOMI,A58,Ajustable
Oppo,Smartphone,Note
Support,Redmi,05
XIAOMI,A,de
Samsung,Support,PHONE
Gerlax,SMART,13C
Oppo,Redmi,3
Schneider,Wave,WaterProof
Genuine,Pochette,13
XIAOMI,NOTE,A05s
Samsung,Galaxy,40
Infinix,HOT,de
Borofone,Support,13C
XIAOMI,Redmi,A3
XIAOMI,Redmi,-
Redmi,A3,8T
Oppo,Reno,40i
Infinix,Hot,40i
XIAOMI,Redmi,A3
Infinix,Hot,A2+
XIAOMI,Redmi,PHONE
Samsung,SMART,13C
XIAOMI,Redmi,A3
XIAOMI,Redmi,A54
Samsung,GALAXY,C55
Realme,Pack,PHONE
Infinix,SMART,40i
Infinix,HOT,-
Honor,X6A,A05s
Samsung,Galaxy,phone
smartec,Smart,-
Samsung,A55,8T
Oppo,Reno,PHONE
Realme,SMART,A05
Samsung,Galaxy,-
Smart,E1,Go
Tecno,Spark,40
Infinix,HOT,30
Infinix,HOT,PHONE
Oppo,SMART,-
Lenovo,K13,13C
XIAOMI,Redmi,Plus
Iku,A7,40i
Infinix,HOT,A3
XIAOMI,Redmi,12
XIAOMI,Redmi,8GB
Oppo,A78,NOTE
XIAOMI,REDMI,PHONE
Tecno,SMART,40i
Infinix,Hot,-
Samsung,A24,-
Oppo,A58,13C
XIAOMI,Redmi,Y03
Samsung,GALAXY,A05
Vivo,SMARTPHONE,Lite
Honor,90,Galaxy
Samsung,smartphone,40
Samsung,Galaxy,Prime
Infinix,HOT,A15
Huawei,Y7,8
Infinix,SMART,Note
XIAOMI,Redmi,13C
XIAOMI,Redmi,8
Infinix,SMART,8
iPlus,Smart,65-
Infinix,GALAXY,A05
Samsung,Nu,Plus
Iku,A7,SPARK
Tecno,SMARTPHONE,Note
XIAOMI,Redmi,SPARK
Tecno,SMARTPHONE,A05s
Samsung,Galaxy,"6.56"""
Vivo,Y17s,-
Oppo,A78,A05
Samsung,GALAXY,Vision
smartec,Smartphone,A04e
Samsung,Galaxy,4GO-128GO
Oppo,A38,13
Redmi,Note,Note
XIAOMI,Redmi,
