Brand,Price
XIAOMI,"1,079.00 TND"
Oppo,"1,189.00 TND"
Itel,489.00 TND
XIAOMI,639.00 TND
Tecno,689.00 TND
XIAOMI,739.00 TND
Vivo,899.00 TND
XIAOMI,569.00 TND
XIAOMI,"1,859.00 TND"
XIAOMI,"1,859.00 TND"
XIAOMI,"1,199.00 TND"
Itel,489.00 TND
XIAOMI,569.00 TND
XIAOMI,"1,499.00 TND"
XIAOMI,"1,339.00 TND"
XIAOMI,"1,199.00 TND"
XIAOMI,"1,459.00 TND"
XIAOMI,"1,429.00 TND"
XIAOMI,"1,499.00 TND"
XIAOMI,"1,199.00 TND"
XIAOMI,719.00 TND
XIAOMI,519.00 TND
XIAOMI,779.00 TND
XIAOMI,"1,399.00 TND"
XIAOMI,639.00 TND
XIAOMI,"1,239.00 TND"
XIAOMI,"1,399.00 TND"
XIAOMI,"1,399.00 TND"
XIAOMI,719.00 TND
XIAOMI,639.00 TND
XIAOMI,"1,239.00 TND"
XIAOMI,"1,379.00 TND"
XIAOMI,329.00 TND
Infinix,354.00 TND
Infinix,324.00 TND
Infinix,499.00 TND
Infinix,354.00 TND
Infinix,354.00 TND
Infinix,324.00 TND
Infinix,354.00 TND
Infinix,468.00 TND
XIAOMI,468.00 TND
Infinix,323.00 TND
XIAOMI,519.00 TND
Samsung,479.00 TND
Tecno,328.50 TND
XIAOMI,509.00 TND
XIAOMI,389.00 TND
XIAOMI,389.00 TND
XIAOMI,509.00 TND
Infinix,599.00 TND
Samsung,"1,405.50 TND"
Tecno,339.00 TND
Infinix,519.00 TND
Samsung,599.00 TND
Samsung,549.00 TND
XIAOMI,519.00 TND
Oppo,784.50 TND
Infinix,519.00 TND
Tecno,529.00 TND
Tecno,699.00 TND
Infinix,324.00 TND
Infinix,324.00 TND
Samsung,425.00 TND
Samsung,425.00 TND
Samsung,425.00 TND
Tecno,529.00 TND
Vivo,494.99 TND
XIAOMI,262.00 TND
Redmi,"1,039.00 TND"
XIAOMI,749.00 TND
Apple,"8,750.00 TND"
Samsung,999.00 TND
Samsung,649.00 TND
Samsung,"1,099.00 TND"
Oppo,699.00 TND
XIAOMI,"1,749.00 TND"
smartec,299.00 TND
XIAOMI,565.00 TND
Infinix,559.00 TND
Benco,459.00 TND
Honor,509.00 TND
smartec,329.00 TND
XIAOMI,879.00 TND
Oppo,529.00 TND
Infinix,599.00 TND
Oppo,469.00 TND
Oppo,589.00 TND
Samsung,999.00 TND
Itel,436.00 TND
Infinix,599.00 TND
XIAOMI,849.00 TND
Infinix,515.00 TND
Infinix,399.00 TND
Oppo,690.00 TND
Vivo,488.00 TND
Samsung,"1,499.00 TND"
Oppo,529.00 TND
Vivo,549.00 TND
smartec,339.00 TND
Tecno,469.00 TND
XIAOMI,378.00 TND
Itel,478.00 TND
Kxd,319.00 TND
Samsung,899.00 TND
Infinix,489.00 TND
Samsung,"1,249.00 TND"
Itel,362.00 TND
Schneider,549.00 TND
XIAOMI,"1,349.00 TND"
XIAOMI,689.00 TND
Oppo,"1,699.00 TND"
Samsung,749.00 TND
Samsung,669.00 TND
XIAOMI,799.00 TND
Oppo,899.00 TND
Realme,449.00 TND
Oppo,690.00 TND
Samsung,"1,099.00 TND"
XIAOMI,799.00 TND
Infinix,559.00 TND
Oppo,479.00 TND
Redmi,399.00 TND
Infinix,549.00 TND
XIAOMI,899.00 TND
XIAOMI,389.00 TND
XIAOMI,899.00 TND
Logicom,119.00 TND
Samsung,"1,099.00 TND"
XIAOMI,519.00 TND
Infinix,849.00 TND
XIAOMI,479.00 TND
Oppo,699.00 TND
Infinix,549.00 TND
XIAOMI,699.00 TND
Oppo,529.00 TND
Samsung,"1,249.00 TND"
Infinix,499.00 TND
Samsung,649.00 TND
XIAOMI,"1,199.00 TND"
XIAOMI,799.00 TND
Itel,436.00 TND
smartec,68.99 TND
Samsung,629.00 TND
Itel,478.00 TND
Oppo,569.00 TND
Realme,589.00 TND
XIAOMI,979.00 TND
Samsung,539.00 TND
Itel,386.00 TND
XIAOMI,499.00 TND
Samsung,569.00 TND
Samsung,697.00 TND
Itel,439.00 TND
Infinix,499.00 TND
XIAOMI,"1,699.00 TND"
Vivo,366.00 TND
Realme,599.00 TND
Samsung,535.00 TND
XIAOMI,639.00 TND
XIAOMI,"1,039.00 TND"
Itel,319.00 TND
Infinix,619.00 TND
XIAOMI,362.00 TND
XIAOMI,"1,999.00 TND"
Itel,319.00 TND
Oppo,795.00 TND
Vivo,379.00 TND
Infinix,559.00 TND
Infinix,519.00 TND
Schneider,359.00 TND
Huawei,"1,199.00 TND"
Samsung,425.00 TND
Oppo,"1,149.00 TND"
XIAOMI,599.00 TND
XIAOMI,569.00 TND
XIAOMI,589.00 TND
Samsung,"1,099.00 TND"
Samsung,999.00 TND
Oppo,545.00 TND
Tecno,349.00 TND
Itel,429.00 TND
smartec,329.00 TND
Honor,890.00 TND
Itel,319.00 TND
smartec,299.00 TND
XIAOMI,799.00 TND
Samsung,549.00 TND
Samsung,519.00 TND
Infinix,469.00 TND
Honor,"1,999.00 TND"
Samsung,469.00 TND
XIAOMI,789.00 TND
Infinix,649.00 TND
Kxd,319.00 TND
Samsung,999.00 TND
Oppo,669.00 TND
Infinix,549.00 TND
XIAOMI,799.00 TND
Oppo,590.00 TND
XIAOMI,299.99 TND
Infinix,799.00 TND
XIAOMI,519.00 TND
Infinix,619.00 TND
XIAOMI,"1,199.00 TND"
Realme,599.00 TND
Oppo,"1,479.00 TND"
Itel,386.00 TND
Oppo,"1,149.00 TND"
Infinix,369.00 TND
Samsung,599.00 TND
XIAOMI,"1,499.00 TND"
Huawei,"1,090.00 TND"
Infinix,649.00 TND
Smart,369.00 TND
Samsung,465.00 TND
XIAOMI,619.00 TND
Samsung,425.00 TND
Lenovo,299.99 TND
XIAOMI,"1,529.00 TND"
XIAOMI,"1,529.00 TND"
XIAOMI,679.00 TND
Realme,729.00 TND
Honor,509.00 TND
XIAOMI,595.00 TND
Infinix,399.00 TND
Itel,362.00 TND
Infinix,559.00 TND
Infinix,849.00 TND
Honor,890.00 TND
Infinix,519.00 TND
XIAOMI,"1,799.00 TND"
Infinix,499.00 TND
Iku,199.90 TND
Infinix,468.00 TND
Vivo,349.00 TND
Infinix,468.00 TND
Apple,"6,930.00 TND"
Infinix,468.00 TND
Samsung,"1,114.50 TND"
Samsung,739.00 TND
Vivo,369.00 TND
Infinix,499.00 TND
Samsung,"1,445.00 TND"
XIAOMI,"1,059.00 TND"
Infinix,599.00 TND
Huawei,669.00 TND
Infinix,399.00 TND
Infinix,849.00 TND
XIAOMI,565.00 TND
XIAOMI,589.00 TND
Schneider,348.00 TND
XIAOMI,318.00 TND
Infinix,499.00 TND
Infinix,499.00 TND
Oppo,"1,056.00 TND"
Realme,749.00 TND
Itel,319.00 TND
XIAOMI,689.00 TND
Infinix,499.00 TND
Smart,234.99 TND
XIAOMI,698.00 TND
Iku,199.90 TND
Oppo,795.00 TND
XIAOMI,"1,454.00 TND"
Redmi,399.00 TND
Infinix,599.00 TND
XIAOMI,315.00 TND
Samsung,609.00 TND
Samsung,959.00 TND
XIAOMI,"1,799.00 TND"
XIAOMI,749.00 TND
XIAOMI,"1,399.00 TND"
Samsung,569.00 TND
XIAOMI,589.00 TND
Samsung,749.00 TND
Oppo,519.00 TND
Samsung,919.00 TND
Samsung,799.00 TND
Samsung,"1,449.00 TND"
Infinix,649.00 TND
smartec,78.99 TND
Infinix,649.00 TND
XIAOMI,362.00 TND
Infinix,699.00 TND
Oppo,499.00 TND
XIAOMI,519.00 TND
XIAOMI,529.00 TND
XIAOMI,"1,999.00 TND"
Vivo,449.00 TND
XIAOMI,"1,199.00 TND"
Oppo,545.00 TND
Infinix,479.00 TND
Realme,669.00 TND
Infinix,479.00 TND
Iku,279.90 TND
Iku,239.90 TND
Samsung,777.00 TND
XIAOMI,949.00 TND
Vivo,899.00 TND
Samsung,535.00 TND
XIAOMI,775.00 TND
XIAOMI,750.00 TND
XIAOMI,849.00 TND
XIAOMI,879.00 TND
Samsung,"1,449.00 TND"
Itel,386.00 TND
Kxd,319.00 TND
Oppo,"1,250.00 TND"
smartec,329.00 TND
Oppo,589.00 TND
XIAOMI,799.00 TND
Infinix,529.00 TND
XIAOMI,"1,299.00 TND"
XIAOMI,"1,529.00 TND"
Samsung,680.00 TND
Vivo,529.00 TND
Vivo,549.00 TND
Oppo,479.00 TND
Samsung,749.00 TND
XIAOMI,479.00 TND
Tecno,469.00 TND
XIAOMI,599.00 TND
XIAOMI,899.00 TND
smartec,68.99 TND
Samsung,569.00 TND
Itel,469.00 TND
XIAOMI,"1,799.00 TND"
Redmi,349.00 TND
smartec,299.00 TND
Samsung,699.00 TND
Infinix,519.00 TND
XIAOMI,"1,799.00 TND"
Vivo,379.00 TND
Samsung,"1,449.00 TND"
XIAOMI,689.00 TND
Samsung,519.00 TND
Infinix,799.00 TND
Itel,448.00 TND
XIAOMI,580.00 TND
Vivo,449.00 TND
XIAOMI,599.00 TND
XIAOMI,599.00 TND
Vivo,749.00 TND
Oppo,899.00 TND
Samsung,599.00 TND
Vivo,399.00 TND
XIAOMI,"1,399.00 TND"
Tecno,469.00 TND
Oppo,479.00 TND
Vivo,"1,599.00 TND"
XIAOMI,455.00 TND
Samsung,459.00 TND
XIAOMI,820.00 TND
Infinix,799.00 TND
Kxd,259.00 TND
Oppo,"1,479.00 TND"
Samsung,649.00 TND
Oppo,669.00 TND
Samsung,499.00 TND
Itel,448.00 TND
XIAOMI,"1,099.00 TND"
Samsung,519.00 TND
Infinix,549.00 TND
Samsung,749.00 TND
ZTE,199.00 TND
XIAOMI,299.90 TND
XIAOMI,459.00 TND
XIAOMI,775.00 TND
Samsung,999.00 TND
XIAOMI,729.00 TND
XIAOMI,"1,199.00 TND"
Realme,349.00 TND
Itel,362.00 TND
Samsung,669.00 TND
XIAOMI,"1,399.00 TND"
ZTE,199.00 TND
XIAOMI,"1,699.00 TND"
Oppo,519.00 TND
Oppo,699.00 TND
Oppo,589.00 TND
Samsung,"1,999.00 TND"
XIAOMI,549.00 TND
Infinix,559.00 TND
Samsung,"1,999.00 TND"
Samsung,"1,499.00 TND"
smartec,279.00 TND
XIAOMI,589.00 TND
Samsung,535.00 TND
XIAOMI,"1,199.00 TND"
XIAOMI,849.00 TND
Iku,259.90 TND
XIAOMI,428.00 TND
Samsung,"1,999.00 TND"
Samsung,469.00 TND
Samsung,"1,099.00 TND"
Samsung,799.00 TND
XIAOMI,849.00 TND
Oppo,569.00 TND
Honor,949.00 TND
Samsung,469.00 TND
Redmi,399.00 TND
smartec,279.00 TND
Honor,699.00 TND
Oppo,399.00 TND
XIAOMI,428.00 TND
Itel,362.00 TND
XIAOMI,589.00 TND
Itel,436.00 TND
Samsung,"1,499.00 TND"
Realme,589.00 TND
Itel,518.00 TND
Samsung,799.00 TND
Honor,509.00 TND
XIAOMI,"1,099.00 TND"
Samsung,569.00 TND
Oppo,"1,399.00 TND"
Vivo,"1,549.00 TND"
XIAOMI,549.00 TND
Samsung,899.00 TND
XIAOMI,"1,999.00 TND"
XIAOMI,499.00 TND
Honor,949.00 TND
XIAOMI,299.99 TND
Itel,386.00 TND
iPlus,279.00 TND
Infinix,549.00 TND
XIAOMI,499.00 TND
XIAOMI,549.00 TND
smartec,325.00 TND
XIAOMI,899.00 TND
Samsung,535.00 TND
Iku,239.90 TND
Infinix,529.00 TND
Infinix,649.00 TND
XIAOMI,949.00 TND
Techno,499.00 TND
Honor,949.00 TND
Oppo,590.00 TND
XIAOMI,799.00 TND
XIAOMI,469.00 TND
smartec,279.00 TND
XIAOMI,599.00 TND
Samsung,529.00 TND
Realme,749.00 TND
Samsung,"1,499.00 TND"
XIAOMI,362.00 TND
Oppo,"1,899.00 TND"
Infinix,519.00 TND
Samsung,"1,999.00 TND"
Infinix,369.00 TND
XIAOMI,599.00 TND
XIAOMI,699.00 TND
XIAOMI,549.00 TND
XIAOMI,580.00 TND
iPlus,399.00 TND
XIAOMI,599.00 TND
Infinix,515.00 TND
Realme,749.00 TND
Samsung,535.00 TND
Vivo,"1,599.00 TND"
Samsung,799.00 TND
Infinix,559.00 TND
Oppo,699.00 TND
Samsung,"1,249.00 TND"
Itel,319.00 TND
smartec,68.99 TND
XIAOMI,949.00 TND
Vivo,494.99 TND
Vivo,399.00 TND
XIAOMI,799.00 TND
Vivo,549.00 TND
Oppo,499.00 TND
Iku,279.90 TND
Samsung,419.00 TND
XIAOMI,599.00 TND
Itel,359.00 TND
smartec,339.00 TND
XIAOMI,580.00 TND
XIAOMI,"1,549.00 TND"
XIAOMI,599.00 TND
XIAOMI,"1,749.00 TND"
XIAOMI,459.00 TND
Oppo,469.00 TND
Infinix,619.00 TND
XIAOMI,589.00 TND
XIAOMI,599.00 TND
XIAOMI,"1,299.00 TND"
Oppo,"1,499.00 TND"
Iku,279.90 TND
Oppohere,"1,499.00 TND"
Iku,199.90 TND
XIAOMI,399.00 TND
XIAOMI,"1,679.00 TND"
XIAOMI,399.00 TND
XIAOMI,389.00 TND
Itel,359.00 TND
Iku,259.90 TND
XIAOMI,589.50 TND
smartec,78.99 TND
Honor,699.00 TND
XIAOMI,571.00 TND
Honor,699.00 TND
Iku,259.90 TND
Infinix,619.00 TND
Tecno,399.00 TND
Evertek,278.00 TND
XIAOMI,399.00 TND
Oppo,"1,399.00 TND"
Tecno,529.00 TND
Oppo,595.00 TND
XIAOMI,549.00 TND
XIAOMI,"1,099.00 TND"
Samsung,"1,149.00 TND"
Samsung,"1,403.00 TND"
Oppo,779.00 TND
Samsung,749.00 TND
Iku,239.90 TND
Realme,669.00 TND
Infinix,519.00 TND
XIAOMI,699.00 TND
XIAOMI,519.00 TND
Redmi,"1,979.00 TND"
Infinix,849.00 TND
Realme,"1,038.00 TND"
Infinix,519.00 TND
Nokia,179.00 TND
XIAOMI,619.00 TND
Apple,"3,489.00 TND"
Vivo,369.00 TND
Apple,"3,699.99 TND"
XIAOMI,"1,454.00 TND"
Samsung,825.00 TND
Oppo,"1,089.00 TND"
Apple,"3,499.00 TND"
Infinix,399.00 TND
Apple,"3,299.00 TND"
Infinix,499.00 TND
Apple,"2,970.00 TND"
Techno,499.00 TND
Huawei,"1,090.00 TND"
XIAOMI,799.00 TND
Apple,"3,999.00 TND"
XIAOMI,"1,649.00 TND"
XIAOMI,"1,399.00 TND"
Infinix,515.00 TND
XIAOMI,879.00 TND
Infinix,619.00 TND
Tecno,439.00 TND
Tecno,515.00 TND
Oppo,779.00 TND
Infinix,519.00 TND
